{
  "cv_auc": 0.9133691509946191,
  "cv_logloss": 0.6925787845596082,
  "n_folds": 3,
  "sample_size": 50000
}