{
  "cv_auc": 0.9126265804424281,
  "cv_logloss": 0.7325537344393404,
  "n_folds": 5
}