{
  "cv_auc": 0.9159065314320017,
  "cv_logloss": 0.7222254158151664,
  "n_folds": 5
}