{
  "cv_auc_mean": 0.9158851409925587,
  "cv_auc_std": 0.0009489258326099989,
  "cv_auc_scores": [
    0.9155889774846778,
    0.9166775179265451,
    0.9158775224706227,
    0.9169949680949356,
    0.9142867189860122
  ],
  "test_pred_mean": 0.08418129334776854,
  "test_pred_std": 0.12197468021695439
}