{
  "cv_auc_mean": 0.9159293638058031,
  "cv_auc_std": 0.0008907561968637185,
  "cv_auc_scores": [
    0.9156112611190251,
    0.9165374609912424,
    0.916104182197645,
    0.9169926568865346,
    0.9144012578345684
  ],
  "scale_pos_weight": 3.440347638939746,
  "test_pred_mean": 0.3636974899715156,
  "test_pred_std": 0.32066614314887126
}